{
  "version": "v8.0_advanced_ensemble",
  "created_at": "2026-01-21T20:29:08.045616",
  "dataset": "Oxford Parkinson's Dataset",
  "total_samples": 195,
  "training_samples": 156,
  "test_samples": 39,
  "parkinson_samples": 147,
  "healthy_samples": 48,
  "features": 22,
  "feature_names": [
    "MDVP:Fo(Hz)",
    "MDVP:Fhi(Hz)",
    "MDVP:Flo(Hz)",
    "MDVP:Jitter(%)",
    "MDVP:Jitter(Abs)",
    "MDVP:RAP",
    "MDVP:PPQ",
    "Jitter:DDP",
    "MDVP:Shimmer",
    "MDVP:Shimmer(dB)",
    "Shimmer:APQ3",
    "Shimmer:APQ5",
    "MDVP:APQ",
    "Shimmer:DDA",
    "NHR",
    "HNR",
    "RPDE",
    "DFA",
    "spread1",
    "spread2",
    "D2",
    "PPE"
  ],
  "best_model": "Gradient Boosting",
  "model_type": "Advanced Ensemble (RF + GB + SVM + MLP)",
  "ensemble_weights": [
    2,
    2,
    1,
    1
  ],
  "individual_models": {
    "Random Forest": {
      "accuracy": 0.9230769230769231,
      "precision": 0.9333333333333333,
      "recall": 0.9655172413793104,
      "f1": 0.9491525423728815,
      "auc": 0.9724137931034483
    },
    "Gradient Boosting": {
      "accuracy": 0.9487179487179487,
      "precision": 0.9655172413793104,
      "recall": 0.9655172413793104,
      "f1": 0.9655172413793104,
      "auc": 0.9896551724137932
    },
    "SVM": {
      "accuracy": 0.8717948717948718,
      "precision": 0.9615384615384616,
      "recall": 0.8620689655172413,
      "f1": 0.9090909090909091,
      "auc": 0.9413793103448276
    },
    "Neural Network": {
      "accuracy": 0.8461538461538461,
      "precision": 0.8484848484848485,
      "recall": 0.9655172413793104,
      "f1": 0.9032258064516129,
      "auc": 0.8034482758620689
    },
    "Ensemble": {
      "accuracy": 0.9487179487179487,
      "precision": 0.9655172413793104,
      "recall": 0.9655172413793104,
      "f1": 0.9655172413793104,
      "auc": 0.9758620689655173
    }
  },
  "best_model_performance": {
    "test_accuracy": 0.9487179487179487,
    "test_precision": 0.9655172413793104,
    "test_recall": 0.9655172413793104,
    "test_f1": 0.9655172413793104,
    "test_auc": 0.9896551724137932,
    "cv_mean_f1": 0.9558454106280193,
    "cv_std_f1": 0.040150316176823936
  },
  "confusion_matrix": [
    [
      9,
      1
    ],
    [
      1,
      28
    ]
  ],
  "hyperparameter_tuning": {
    "random_forest": {
      "class_weight": "balanced",
      "max_depth": 10,
      "min_samples_leaf": 1,
      "min_samples_split": 2,
      "n_estimators": 200
    },
    "gradient_boosting": {
      "learning_rate": 0.05,
      "max_depth": 3,
      "min_samples_split": 5,
      "n_estimators": 300,
      "subsample": 0.8
    },
    "svm": {
      "C": 10,
      "class_weight": "balanced",
      "gamma": "scale",
      "kernel": "rbf"
    },
    "neural_network": {
      "activation": "relu",
      "alpha": 0.0001,
      "hidden_layer_sizes": "(150, 75, 25)",
      "learning_rate": "adaptive",
      "max_iter": 1000
    }
  }
}