{
  "model_version": "v4.0",
  "trained_at": "2026-01-20T23:46:22.428686",
  "dataset": "UCI Telemonitoring Only",
  "total_samples": 5875,
  "feature_count": 16,
  "features": [
    "Jitter(%)",
    "Jitter(Abs)",
    "Jitter:RAP",
    "Jitter:PPQ5",
    "Jitter:DDP",
    "Shimmer",
    "Shimmer(dB)",
    "Shimmer:APQ3",
    "Shimmer:APQ5",
    "Shimmer:APQ11",
    "Shimmer:DDA",
    "NHR",
    "HNR",
    "RPDE",
    "DFA",
    "PPE"
  ],
  "metrics": {
    "train_accuracy": 0.9565957446808511,
    "test_accuracy": 0.7565957446808511,
    "cv_mean": 0.7419148936170212,
    "cv_std": 0.010172794117346283,
    "roc_auc": 0.8394456463582014,
    "sensitivity": 0.8170144462279294,
    "specificity": 0.6884057971014492,
    "f1_score": 0.7806748466257669
  },
  "note": "Trained only on Telemonitoring dataset (5,875 samples)"
}